SPECIES,TYPE 1,TYPE 2
BULBASAUR,GRASS,POISON
IVYSAUR,GRASS,POISON
VENUSAUR,GRASS,POISON
MEGA VENUSAUR,GRASS,POISON
GIGANTAMAX VENUSAUR,GRASS,POISON
CHARMANDER,FIRE,FIRE
CHARMELEON,FIRE,FIRE
CHARIZARD,FIRE,FLYING
MEGA CHARIZARD X,FIRE,DRAGON
MEGA CHARIZARD Y,FIRE,FLYING
GIGANTAMAX CHARIZARD,FIRE,FLYING
SQUIRTLE,WATER,WATER
WARTORTLE,WATER,WATER
BLASTOISE,WATER,WATER
MEGA BLASTOISE,WATER,WATER
GIGANTAMAX BLASTOISE,WATER,WATER
CATERPIE,BUG,BUG
METAPOD,BUG,BUG
BUTTERFREE,BUG,FLYING
GIGANTAMAX BUTTERFREE,BUG,FLYING
WEEDLE,BUG,POISON
KAKUNA,BUG,POISON
BEEDRILL,BUG,POISON
MEGA BEEDRILL,BUG,POISON
PIDGEY,NORMAL,FLYING
PIDGEOTTO,NORMAL,FLYING
PIDGEOT,NORMAL,FLYING
MEGA PIDGEOT,NORMAL,FLYING
RATTATA,NORMAL,NORMAL
ALOLAN RATTATA,DARK,NORMAL
RATICATE,NORMAL,NORMAL
ALOLAN RATICATE,DARK,NORMAL
SPEAROW,NORMAL,FLYING
FEAROW,NORMAL,FLYING
EKANS,POISON,POISON
ARBOK,POISON,POISON
PIKACHU,ELECTRIC,ELECTRIC
GIGANTAMAX PIKACHU,ELECTRIC,ELECTRIC
RAICHU,ELECTRIC,ELECTRIC
ALOLAN RAICHU,ELECTRIC,PSYCHIC
SANDSHREW,GROUND,GROUND
ALOLAN SANDSHREW,ICE,STEEL
SANDSLASH,GROUND,GROUND
ALOLAN SANDSLASH,ICE,STEEL
NIDORAN♀,POISON,POISON
NIDORINA,POISON,POISON
NIDOQUEEN,POISON,GROUND
NIDORAN♂,POISON,POISON
NIDORINO,POISON,POISON
NIDOKING,POISON,GROUND
CLEFAIRY,FAIRY,FAIRY
CLEFABLE,FAIRY,FAIRY
VULPIX,FIRE,FIRE
ALOLAN VULPIX,ICE,ICE
NINETALES,FIRE,FIRE
ALOLAN NINETALES,ICE,FAIRY
JIGGLYPUFF,NORMAL,FAIRY
WIGGLYTUFF,NORMAL,FAIRY
ZUBAT,POISON,FLYING
GOLBAT,POISON,FLYING
ODDISH,GRASS,POISON
GLOOM,GRASS,POISON
VILEPLUME,GRASS,POISON
PARAS,BUG,GRASS
PARASECT,BUG,GRASS
VENONAT,BUG,POISON
VENOMOTH,BUG,POISON
DIGLETT,GROUND,GROUND
ALOLAN DIGLETT,GROUND,STEEL
DUGTRIO,GROUND,GROUND
ALOLAN DUGTRIO,GROUND,STEEL
MEOWTH,NORMAL,NORMAL
ALOLAN MEOWTH,DARK,DARK
GALARIAN MEOWTH,STEEL,STEEL
GIGANTAMAX MEOWTH,NORMAL,NORMAL
PERSIAN,NORMAL,NORMAL
ALOLAN PERSIAN,DARK,DARK
PSYDUCK,WATER,WATER
GOLDUCK,WATER,WATER
MANKEY,FIGHTING,FIGHTING
PRIMEAPE,FIGHTING,FIGHTING
GROWLITHE,FIRE,FIRE
ARCANINE,FIRE,FIRE
POLIWAG,WATER,WATER
POLIWHIRL,WATER,WATER
POLIWRATH,WATER,FIGHTING
ABRA,PSYCHIC,PSYCHIC
KADABRA,PSYCHIC,PSYCHIC
ALAKAZAM,PSYCHIC,PSYCHIC
MEGA ALAKAZAM,PSYCHIC,PSYCHIC
MACHOP,FIGHTING,FIGHTING
MACHOKE,FIGHTING,FIGHTING
MACHAMP,FIGHTING,FIGHTING
GIGANTAMAX MACHAMP,FIGHTING,FIGHTING
BELLSPROUT,GRASS,POISON
WEEPINBELL,GRASS,POISON
VICTREEBEL,GRASS,POISON
TENTACOOL,WATER,POISON
TENTACRUEL,WATER,POISON
GEODUDE,ROCK,GROUND
ALOLAN GEODUDE,ROCK,ELECTRIC
GRAVELER,ROCK,GROUND
ALOLAN GRAVELER,ROCK,ELECTRIC
GOLEM,ROCK,GROUND
ALOLAN GOLEM,ROCK,ELECTRIC
PONYTA,FIRE,FIRE
GALARIAN PONYTA,PSYCHIC,PSYCHIC
RAPIDASH,FIRE,FIRE
GALARIAN RAPIDASH,PSYCHIC,FAIRY
SLOWPOKE,WATER,PSYCHIC
GALARIAN SLOWPOKE,PSYCHIC,PSYCHIC
SLOWBRO,WATER,PSYCHIC
MEGA SLOWBRO,WATER,PSYCHIC
GALARIAN SLOWBRO,POISON,PSYCHIC
MAGNEMITE,ELECTRIC,STEEL
MAGNETON,ELECTRIC,STEEL
FARFETCH'D,NORMAL,FLYING
GALARIAN FARFETCH'D,FIGHTING,FIGHTING
DODUO,NORMAL,FLYING
DODRIO,NORMAL,FLYING
SEEL,WATER,WATER
DEWGONG,WATER,ICE
GRIMER,POISON,POISON
ALOLAN GRIMER,POISON,DARK
MUK,POISON,POISON
ALOLAN MUK,POISON,DARK
SHELLDER,WATER,WATER
CLOYSTER,WATER,ICE
GASTLY,GHOST,POISON
HAUNTER,GHOST,POISON
GENGAR,GHOST,POISON
MEGA GENGAR,GHOST,POISON
GIGANTAMAX GENGAR,GHOST,POISON
ONIX,ROCK,GROUND
DROWZEE,PSYCHIC,PSYCHIC
HYPNO,PSYCHIC,PSYCHIC
KRABBY,WATER,WATER
KINGLER,WATER,WATER
GIGANTAMAX KINGLER,WATER,WATER
VOLTORB,ELECTRIC,ELECTRIC
ELECTRODE,ELECTRIC,ELECTRIC
EXEGGCUTE,GRASS,PSYCHIC
EXEGGUTOR,GRASS,PSYCHIC
ALOLAN EXEGGUTOR,GRASS,DRAGON
CUBONE,GROUND,GROUND
MAROWAK,GROUND,GROUND
ALOLAN MAROWAK,FIRE,GHOST
HITMONLEE,FIGHTING,FIGHTING
HITMONCHAN,FIGHTING,FIGHTING
LICKITUNG,NORMAL,NORMAL
KOFFING,POISON,POISON
WEEZING,POISON,POISON
GALARIAN WEEZING,POISON,FAIRY
RHYHORN,GROUND,ROCK
RHYDON,GROUND,ROCK
CHANSEY,NORMAL,NORMAL
TANGELA,GRASS,GRASS
KANGASKHAN,NORMAL,NORMAL
MEGA KANGASKHAN,NORMAL,NORMAL
HORSEA,WATER,WATER
SEADRA,WATER,WATER
GOLDEEN,WATER,WATER
SEAKING,WATER,WATER
STARYU,WATER,PSYCHIC
STARMIE,WATER,PSYCHIC
MR. MIME,PSYCHIC,FAIRY
GALARIAN MR. MIME,ICE,PSYCHIC
SCYTHER,BUG,FLYING
JYNX,ICE,PSYCHIC
ELECTABUZZ,ELECTRIC,ELECTRIC
MAGMAR,FIRE,FIRE
PINSIR,BUG,BUG
MEGA PINSIR,BUG,FLYING
TAUROS,NORMAL,NORMAL
MAGIKARP,WATER,WATER
GYARADOS,WATER,FLYING
MEGA GYARADOS,WATER,DARK
LAPRAS,WATER,ICE
GIGANTAMAX LAPRAS,WATER,ICE
DITTO,NORMAL,NORMAL
EEVEE,NORMAL,NORMAL
GIGANTAMAX EEVEE,NORMAL,NORMAL
VAPOREON,WATER,WATER
JOLTEON,ELECTRIC,ELECTRIC
FLAREON,FIRE,FIRE
PORYGON,NORMAL,NORMAL
OMANYTE,ROCK,WATER
OMASTAR,ROCK,WATER
KABUTO,ROCK,WATER
KABUTOPS,ROCK,WATER
AERODACTYL,ROCK,FLYING
MEGA AERODACTYL,ROCK,FLYING
SNORLAX,NORMAL,NORMAL
GIGANTAMAX SNORLAX,NORMAL,NORMAL
DRATINI,DRAGON,DRAGON
DRAGONAIR,DRAGON,DRAGON
DRAGONITE,DRAGON,FLYING
CHIKORITA,GRASS,GRASS
BAYLEEF,GRASS,GRASS
MEGANIUM,GRASS,GRASS
CYNDAQUIL,FIRE,FIRE
QUILAVA,FIRE,FIRE
TYPHLOSION,FIRE,FIRE
TOTODILE,WATER,WATER
CROCONAW,WATER,WATER
FERALIGATR,WATER,WATER
SENTRET,NORMAL,NORMAL
FURRET,NORMAL,NORMAL
HOOTHOOT,NORMAL,FLYING
NOCTOWL,NORMAL,FLYING
LEDYBA,BUG,FLYING
LEDIAN,BUG,FLYING
SPINARAK,BUG,POISON
ARIADOS,BUG,POISON
CROBAT,POISON,FLYING
CHINCHOU,WATER,ELECTRIC
LANTURN,WATER,ELECTRIC
PICHU,ELECTRIC,ELECTRIC
CLEFFA,FAIRY,FAIRY
IGGLYBUFF,NORMAL,FAIRY
TOGEPI,FAIRY,FAIRY
TOGETIC,FAIRY,FLYING
NATU,PSYCHIC,FLYING
XATU,PSYCHIC,FLYING
MAREEP,ELECTRIC,ELECTRIC
FLAAFY,ELECTRIC,ELECTRIC
AMPHAROS,ELECTRIC,ELECTRIC
MEGA AMPHAROS,ELECTRIC,DRAGON
BELLOSSOM,GRASS,GRASS
MARILL,WATER,FAIRY
AZUMARILL,WATER,FAIRY
SUDOWOODO,ROCK,ROCK
POLITOED,WATER,WATER
HOPPIP,GRASS,FLYING
SKIPLOOM,GRASS,FLYING
JUMPLUFF,GRASS,FLYING
AIPOM,NORMAL,NORMAL
SUNKERN,GRASS,GRASS
SUNFLORA,GRASS,GRASS
YANMA,BUG,FLYING
WOOPER,WATER,GROUND
QUAGSIRE,WATER,GROUND
ESPEON,PSYCHIC,PSYCHIC
UMBREON,DARK,DARK
MURKROW,DARK,FLYING
SLOWKING,WATER,PSYCHIC
GALARIAN SLOWKING,POISON,PSYCHIC
MISDREAVUS,GHOST,GHOST
UNOWN,PSYCHIC,PSYCHIC
WOBBUFFET,PSYCHIC,PSYCHIC
GIRAFARIG,NORMAL,PSYCHIC
PINECO,BUG,BUG
FORRETRESS,BUG,STEEL
DUNSPARCE,NORMAL,NORMAL
GLIGAR,GROUND,FLYING
STEELIX,STEEL,GROUND
MEGA STEELIX,STEEL,GROUND
SNUBBULL,FAIRY,FAIRY
GRANBULL,FAIRY,FAIRY
QWILFISH,WATER,POISON
SCIZOR,BUG,STEEL
MEGA SCIZOR,BUG,STEEL
SHUCKLE,BUG,ROCK
HERACROSS,BUG,FIGHTING
MEGA HERACROSS,BUG,FIGHTING
SNEASEL,DARK,ICE
TEDDIURSA,NORMAL,NORMAL
URSARING,NORMAL,NORMAL
SLUGMA,FIRE,FIRE
MAGCARGO,FIRE,ROCK
SWINUB,ICE,GROUND
PILOSWINE,ICE,GROUND
CORSOLA,WATER,ROCK
GALARIAN CORSOLA,GHOST,GHOST
REMORAID,WATER,WATER
OCTILLERY,WATER,WATER
DELIBIRD,ICE,FLYING
MANTINE,WATER,FLYING
SKARMORY,STEEL,FLYING
HOUNDOUR,DARK,FIRE
HOUNDOOM,DARK,FIRE
MEGA HOUNDOOM,DARK,FIRE
KINGDRA,WATER,DRAGON
PHANPY,GROUND,GROUND
DONPHAN,GROUND,GROUND
PORYGON2,NORMAL,NORMAL
STANTLER,NORMAL,NORMAL
SMEARGLE,NORMAL,NORMAL
TYROGUE,FIGHTING,FIGHTING
HITMONTOP,FIGHTING,FIGHTING
SMOOCHUM,ICE,PSYCHIC
ELEKID,ELECTRIC,ELECTRIC
MAGBY,FIRE,FIRE
MILTANK,NORMAL,NORMAL
BLISSEY,NORMAL,NORMAL
LARVITAR,ROCK,GROUND
PUPITAR,ROCK,GROUND
TYRANITAR,ROCK,DARK
MEGA TYRANITAR,ROCK,DARK
TREECKO,GRASS,GRASS
GROVYLE,GRASS,GRASS
SCEPTILE,GRASS,GRASS
MEGA SCEPTILE,GRASS,DRAGON
TORCHIC,FIRE,FIRE
COMBUSKEN,FIRE,FIGHTING
BLAZIKEN,FIRE,FIGHTING
MEGA BLAZIKEN,FIRE,FIGHTING
MUDKIP,WATER,WATER
MARSHTOMP,WATER,GROUND
SWAMPERT,WATER,GROUND
MEGA SWAMPERT,WATER,GROUND
POOCHYENA,DARK,DARK
MIGHTYENA,DARK,DARK
ZIGZAGOON,NORMAL,NORMAL
GALARIAN ZIGZAGOON,DARK,NORMAL
LINOONE,NORMAL,NORMAL
GALARIAN LINOONE,DARK,NORMAL
WURMPLE,BUG,BUG
SILCOON,BUG,BUG
BEAUTIFLY,BUG,FLYING
CASCOON,BUG,BUG
DUSTOX,BUG,POISON
LOTAD,WATER,GRASS
LOMBRE,WATER,GRASS
LUDICOLO,WATER,GRASS
SEEDOT,GRASS,GRASS
NUZLEAF,GRASS,DARK
SHIFTRY,GRASS,DARK
TAILLOW,NORMAL,FLYING
SWELLOW,NORMAL,FLYING
WINGULL,WATER,FLYING
PELIPPER,WATER,FLYING
RALTS,PSYCHIC,FAIRY
KIRLIA,PSYCHIC,FAIRY
GARDEVOIR,PSYCHIC,FAIRY
MEGA GARDEVOIR,PSYCHIC,FAIRY
SURSKIT,BUG,WATER
MASQUERAIN,BUG,FLYING
SHROOMISH,GRASS,GRASS
BRELOOM,GRASS,FIGHTING
SLAKOTH,NORMAL,NORMAL
VIGOROTH,NORMAL,NORMAL
SLAKING,NORMAL,NORMAL
NINCADA,BUG,GROUND
NINJASK,BUG,FLYING
SHEDINJA,BUG,GHOST
WHISMUR,NORMAL,NORMAL
LOUDRED,NORMAL,NORMAL
EXPLOUD,NORMAL,NORMAL
MAKUHITA,FIGHTING,FIGHTING
HARIYAMA,FIGHTING,FIGHTING
AZURILL,NORMAL,FAIRY
NOSEPASS,ROCK,ROCK
SKITTY,NORMAL,NORMAL
DELCATTY,NORMAL,NORMAL
SABLEYE,DARK,GHOST
MEGA SABLEYE,DARK,GHOST
MAWILE,STEEL,FAIRY
MEGA MAWILE,STEEL,FAIRY
ARON,STEEL,ROCK
LAIRON,STEEL,ROCK
AGGRON,STEEL,ROCK
MEGA AGGRON,STEEL,STEEL
MEDITITE,FIGHTING,PSYCHIC
MEDICHAM,FIGHTING,PSYCHIC
MEGA MEDICHAM,FIGHTING,PSYCHIC
ELECTRIKE,ELECTRIC,ELECTRIC
MANECTRIC,ELECTRIC,ELECTRIC
MEGA MANECTRIC,ELECTRIC,ELECTRIC
PLUSLE,ELECTRIC,ELECTRIC
MINUN,ELECTRIC,ELECTRIC
VOLBEAT,BUG,BUG
ILLUMISE,BUG,BUG
ROSELIA,GRASS,POISON
GULPIN,POISON,POISON
SWALOT,POISON,POISON
CARVANHA,WATER,DARK
SHARPEDO,WATER,DARK
MEGA SHARPEDO,WATER,DARK
WAILMER,WATER,WATER
WAILORD,WATER,WATER
NUMEL,FIRE,GROUND
CAMERUPT,FIRE,GROUND
MEGA CAMERUPT,FIRE,GROUND
TORKOAL,FIRE,FIRE
SPOINK,PSYCHIC,PSYCHIC
GRUMPIG,PSYCHIC,PSYCHIC
SPINDA,NORMAL,NORMAL
TRAPINCH,GROUND,GROUND
VIBRAVA,GROUND,DRAGON
FLYGON,GROUND,DRAGON
CACNEA,GRASS,GRASS
CACTURNE,GRASS,DARK
SWABLU,NORMAL,FLYING
ALTARIA,DRAGON,FLYING
MEGA ALTARIA,DRAGON,FAIRY
ZANGOOSE,NORMAL,NORMAL
SEVIPER,POISON,POISON
LUNATONE,ROCK,PSYCHIC
SOLROCK,ROCK,PSYCHIC
BARBOACH,WATER,GROUND
WHISCASH,WATER,GROUND
CORPHISH,WATER,WATER
CRAWDAUNT,WATER,DARK
BALTOY,GROUND,PSYCHIC
CLAYDOL,GROUND,PSYCHIC
LILEEP,ROCK,GRASS
CRADILY,ROCK,GRASS
ANORITH,ROCK,BUG
ARMALDO,ROCK,BUG
FEEBAS,WATER,WATER
MILOTIC,WATER,WATER
CASTFORM,NORMAL,NORMAL
SUNNY CASTFORM,FIRE,FIRE
RAINY CASTFORM,WATER,WATER
SNOWY CASTFORM,ICE,ICE
KECLEON,NORMAL,NORMAL
SHUPPET,GHOST,GHOST
BANETTE,GHOST,GHOST
MEGA BANETTE,GHOST,GHOST
DUSKULL,GHOST,GHOST
DUSCLOPS,GHOST,GHOST
TROPIUS,GRASS,FLYING
CHIMECHO,PSYCHIC,PSYCHIC
ABSOL,DARK,DARK
MEGA ABSOL,DARK,DARK
WYNAUT,PSYCHIC,PSYCHIC
SNORUNT,ICE,ICE
GLALIE,ICE,ICE
MEGA GLALIE,ICE,ICE
SPHEAL,ICE,WATER
SEALEO,ICE,WATER
WALREIN,ICE,WATER
CLAMPERL,WATER,WATER
HUNTAIL,WATER,WATER
GOREBYSS,WATER,WATER
RELICANTH,WATER,WATER
LUVDISC,WATER,WATER
BAGON,DRAGON,DRAGON
SHELGON,DRAGON,DRAGON
SALAMENCE,DRAGON,FLYING
MEGA SALAMENCE,DRAGON,FLYING
BELDUM,STEEL,PSYCHIC
METANG,STEEL,PSYCHIC
METAGROSS,STEEL,PSYCHIC
MEGA METAGROSS,STEEL,PSYCHIC
TURTWIG,GRASS,GRASS
GROTLE,GRASS,GRASS
TORTERRA,GRASS,GROUND
CHIMCHAR,FIRE,FIRE
MONFERNO,FIRE,FIGHTING
INFERNAPE,FIRE,FIGHTING
PIPLUP,WATER,WATER
PRINPLUP,WATER,WATER
EMPOLEON,WATER,STEEL
STARLY,NORMAL,FLYING
STARAVIA,NORMAL,FLYING
STARAPTOR,NORMAL,FLYING
BIDOOF,NORMAL,NORMAL
BIBAREL,NORMAL,WATER
KRICKETOT,BUG,BUG
KRICKETUNE,BUG,BUG
SHINX,ELECTRIC,ELECTRIC
LUXIO,ELECTRIC,ELECTRIC
LUXRAY,ELECTRIC,ELECTRIC
BUDEW,GRASS,POISON
ROSERADE,GRASS,POISON
CRANIDOS,ROCK,ROCK
RAMPARDOS,ROCK,ROCK
SHIELDON,ROCK,STEEL
BASTIODON,ROCK,STEEL
BURMY PLANT CLOAK,BUG,BUG
BURMY SAND CLOAK,BUG,BUG
BURMY TRASH CLOAK,BUG,BUG
WORMADAM PLANT CLOAK,BUG,GRASS
WORMADAM SAND CLOAK,BUG,GROUND
WORMADAM TRASH CLOAK,BUG,STEEL
MOTHIM,BUG,FLYING
COMBEE,BUG,FLYING
VESPIQUEN,BUG,FLYING
PACHIRISU,ELECTRIC,ELECTRIC
BUIZEL,WATER,WATER
FLOATZEL,WATER,WATER
CHERUBI,GRASS,GRASS
CHERRIM,GRASS,GRASS
SHELLOS EAST SEA,WATER,WATER
SHELLOS WEST SEA,WATER,WATER
GASTRODON EAST SEA,WATER,GROUND
GASTRODON WEST SEA,WATER,GROUND
AMBIPOM,NORMAL,NORMAL
DRIFLOON,GHOST,FLYING
DRIFBLIM,GHOST,FLYING
BUNEARY,NORMAL,NORMAL
LOPUNNY,NORMAL,NORMAL
MEGA LOPUNNY,NORMAL,FIGHTING
MISMAGIUS,GHOST,GHOST
HONCHKROW,DARK,FLYING
GLAMEOW,NORMAL,NORMAL
PURUGLY,NORMAL,NORMAL
CHINGLING,PSYCHIC,PSYCHIC
STUNKY,POISON,DARK
SKUNTANK,POISON,DARK
BRONZOR,STEEL,PSYCHIC
BRONZONG,STEEL,PSYCHIC
BONSLY,ROCK,ROCK
MIME JR.,PSYCHIC,FAIRY
HAPPINY,NORMAL,NORMAL
CHATOT,NORMAL,FLYING
SPIRITOMB,GHOST,DARK
GIBLE,DRAGON,DRAGON
GABITE,DRAGON,DRAGON
GARCHOMP,DRAGON,GROUND
MEGA GARCHOMP,DRAGON,GROUND
MUNCHLAX,NORMAL,NORMAL
RIOLU,FIGHTING,FIGHTING
LUCARIO,FIGHTING,STEEL
MEGA LUCARIO,FIGHTING,STEEL
HIPPOPOTAS,GROUND,GROUND
HIPPOWDON,GROUND,GROUND
SKORUPI,POISON,BUG
DRAPION,POISON,DARK
CROAGUNK,POISON,FIGHTING
TOXICROAK,POISON,FIGHTING
CARNIVINE,GRASS,GRASS
FINNEON,WATER,WATER
LUMINEON,WATER,WATER
MANTYKE,WATER,FLYING
SNOVER,GRASS,ICE
ABOMASNOW,GRASS,ICE
MEGA ABOMASNOW,GRASS,ICE
WEAVILE,DARK,ICE
MAGNEZONE,ELECTRIC,STEEL
LICKILICKY,NORMAL,NORMAL
RHYPERIOR,GROUND,ROCK
TANGROWTH,GRASS,GRASS
ELECTIVIRE,ELECTRIC,ELECTRIC
MAGMORTAR,FIRE,FIRE
TOGEKISS,FAIRY,FLYING
YANMEGA,BUG,FLYING
LEAFEON,GRASS,GRASS
GLACEON,ICE,ICE
GLISCOR,GROUND,FLYING
MAMOSWINE,ICE,GROUND
PORYGON-Z,NORMAL,NORMAL
GALLADE,PSYCHIC,FIGHTING
MEGA GALLADE,PSYCHIC,FIGHTING
PROBOPASS,ROCK,STEEL
DUSKNOIR,GHOST,GHOST
FROSLASS,ICE,GHOST
ROTOM,ELECTRIC,GHOST
HEAT ROTOM,ELECTRIC,FIRE
WASH ROTOM,ELECTRIC,WATER
FROST ROTOM,ELECTRIC,ICE
FAN ROTOM,ELECTRIC,FLYING
MOW ROTOM,ELECTRIC,GRASS
SNIVY,GRASS,GRASS
SERVINE,GRASS,GRASS
SERPERIOR,GRASS,GRASS
TEPIG,FIRE,FIRE
PIGNITE,FIRE,FIGHTING
EMBOAR,FIRE,FIGHTING
OSHAWOTT,WATER,WATER
DEWOTT,WATER,WATER
SAMUROTT,WATER,WATER
PATRAT,NORMAL,NORMAL
WATCHOG,NORMAL,NORMAL
LILLIPUP,NORMAL,NORMAL
HERDIER,NORMAL,NORMAL
STOUTLAND,NORMAL,NORMAL
PURRLOIN,DARK,DARK
LIEPARD,DARK,DARK
PANSAGE,GRASS,GRASS
SIMISAGE,GRASS,GRASS
PANSEAR,FIRE,FIRE
SIMISEAR,FIRE,FIRE
PANPOUR,WATER,WATER
SIMIPOUR,WATER,WATER
MUNNA,PSYCHIC,PSYCHIC
MUSHARNA,PSYCHIC,PSYCHIC
PIDOVE,NORMAL,FLYING
TRANQUILL,NORMAL,FLYING
UNFEZANT♂,NORMAL,FLYING
UNFEZANT♀,NORMAL,FLYING
BLITZLE,ELECTRIC,ELECTRIC
ZEBSTRIKA,ELECTRIC,ELECTRIC
ROGGENROLA,ROCK,ROCK
BOLDORE,ROCK,ROCK
GIGALITH,ROCK,ROCK
WOOBAT,PSYCHIC,FLYING
SWOOBAT,PSYCHIC,FLYING
DRILBUR,GROUND,GROUND
EXCADRILL,GROUND,STEEL
AUDINO,NORMAL,NORMAL
MEGA AUDINO,NORMAL,FAIRY
TIMBURR,FIGHTING,FIGHTING
GURDURR,FIGHTING,FIGHTING
CONKELDURR,FIGHTING,FIGHTING
TYMPOLE,WATER,WATER
PALPITOAD,WATER,GROUND
SEISMITOAD,WATER,GROUND
THROH,FIGHTING,FIGHTING
SAWK,FIGHTING,FIGHTING
SEWADDLE,BUG,GRASS
SWADLOON,BUG,GRASS
LEAVANNY,BUG,GRASS
VENIPEDE,BUG,POISON
WHIRLIPEDE,BUG,POISON
SCOLIPEDE,BUG,POISON
COTTONEE,GRASS,FAIRY
WHIMSICOTT,GRASS,FAIRY
PETILIL,GRASS,GRASS
LILLIGANT,GRASS,GRASS
RED-STRIPED BASCULIN,WATER,WATER
BLUE-STRIPED BASCULIN,WATER,WATER
SANDILE,GROUND,DARK
KROKOROK,GROUND,DARK
KROOKODILE,GROUND,DARK
DARUMAKA,FIRE,FIRE
GALARIAN DARUMAKA,ICE,ICE
DARMANITAN,FIRE,FIRE
DARMANITAN ZEN MODE,FIRE,PSYCHIC
GALARIAN DARMANITAN,ICE,ICE
GALARIAN DARMANITAN ZEN MODE,ICE,FIRE
MARACTUS,GRASS,GRASS
DWEBBLE,BUG,ROCK
CRUSTLE,BUG,ROCK
SCRAGGY,DARK,FIGHTING
SCRAFTY,DARK,FIGHTING
SIGILYPH,PSYCHIC,FLYING
YAMASK,GHOST,GHOST
GALARIAN YAMASK,GROUND,GHOST
COFAGRIGUS,GHOST,GHOST
TIRTOUGA,WATER,ROCK
CARRACOSTA,WATER,ROCK
ARCHEN,ROCK,FLYING
ARCHEOPS,ROCK,FLYING
TRUBBISH,POISON,POISON
GARBODOR,POISON,POISON
GIGANTAMAX GARBODOR,POISON,POISON
ZORUA,DARK,DARK
ZOROARK,DARK,DARK
MINCCINO,NORMAL,NORMAL
CINCCINO,NORMAL,NORMAL
GOTHITA,PSYCHIC,PSYCHIC
GOTHORITA,PSYCHIC,PSYCHIC
GOTHITELLE,PSYCHIC,PSYCHIC
SOLOSIS,PSYCHIC,PSYCHIC
DUOSION,PSYCHIC,PSYCHIC
REUNICLUS,PSYCHIC,PSYCHIC
DUCKLETT,WATER,FLYING
SWANNA,WATER,FLYING
VANILLITE,ICE,ICE
VANILLISH,ICE,ICE
VANILLUXE,ICE,ICE
DEERLING SPRING,NORMAL,GRASS
DEERLING SUMMER,NORMAL,GRASS
DEERLING AUTUMN,NORMAL,GRASS
DEERLING WINTER,NORMAL,GRASS
SAWSBUCK SPRING,NORMAL,GRASS
SAWSBUCK SUMMER,NORMAL,GRASS
SAWSBUCK AUTUMN,NORMAL,GRASS
SAWSBUCK WINTER,NORMAL,GRASS
EMOLGA,ELECTRIC,FLYING
KARRABLAST,BUG,BUG
ESCAVALIER,BUG,STEEL
FOONGUS,GRASS,POISON
AMOONGUSS,GRASS,POISON
FRILLISH♂,WATER,GHOST
FRILLISH♀,WATER,GHOST
JELLICENT♂,WATER,GHOST
JELLICENT♀,WATER,GHOST
ALOMOMOLA,WATER,WATER
JOLTIK,BUG,ELECTRIC
GALVANTULA,BUG,ELECTRIC
FERROSEED,GRASS,STEEL
FERROTHORN,GRASS,STEEL
KLINK,STEEL,STEEL
KLANG,STEEL,STEEL
KLINKLANG,STEEL,STEEL
TYNAMO,ELECTRIC,ELECTRIC
EELEKTRIK,ELECTRIC,ELECTRIC
EELEKTROSS,ELECTRIC,ELECTRIC
ELGYEM,PSYCHIC,PSYCHIC
BEHEEYEM,PSYCHIC,PSYCHIC
LITWICK,GHOST,FIRE
LAMPENT,GHOST,FIRE
CHANDELURE,GHOST,FIRE
AXEW,DRAGON,DRAGON
FRAXURE,DRAGON,DRAGON
HAXORUS,DRAGON,DRAGON
CUBCHOO,ICE,ICE
BEARTIC,ICE,ICE
CRYOGONAL,ICE,ICE
SHELMET,BUG,BUG
ACCELGOR,BUG,BUG
STUNFISK,GROUND,ELECTRIC
GALARIAN STUNFISK,GROUND,STEEL
MIENFOO,FIGHTING,FIGHTING
MIENSHAO,FIGHTING,FIGHTING
DRUDDIGON,DRAGON,DRAGON
GOLETT,GROUND,GHOST
GOLURK,GROUND,GHOST
PAWNIARD,DARK,STEEL
BISHARP,DARK,STEEL
BOUFFALANT,NORMAL,NORMAL
RUFFLET,NORMAL,FLYING
BRAVIARY,NORMAL,FLYING
VULLABY,DARK,FLYING
MANDIBUZZ,DARK,FLYING
HEATMOR,FIRE,FIRE
DURANT,BUG,STEEL
DEINO,DARK,DRAGON
ZWEILOUS,DARK,DRAGON
HYDREIGON,DARK,DRAGON
LARVESTA,BUG,FIRE
VOLCARONA,BUG,FIRE
CHESPIN,GRASS,GRASS
QUILLADIN,GRASS,GRASS
CHESNAUGHT,GRASS,FIGHTING
FENNEKIN,FIRE,FIRE
BRAIXEN,FIRE,FIRE
DELPHOX,FIRE,PSYCHIC
FROAKIE,WATER,WATER
FROGADIER,WATER,WATER
GRENINJA,WATER,DARK
ASH GRENINJA,WATER,DARK
BUNNELBY,NORMAL,NORMAL
DIGGERSBY,NORMAL,GROUND
FLETCHLING,NORMAL,FLYING
FLETCHINDER,FIRE,FLYING
TALONFLAME,FIRE,FLYING
SCATTERBUG,BUG,BUG
SPEWPA,BUG,BUG
VIVILLON,BUG,FLYING
LITLEO,FIRE,NORMAL
PYROAR♂,FIRE,NORMAL
PYROAR♀,FIRE,NORMAL
FLABEBE,FAIRY,FAIRY
FLOETTE,FAIRY,FAIRY
FLORGES,FAIRY,FAIRY
SKIDDO,GRASS,GRASS
GOGOAT,GRASS,GRASS
PANCHAM,FIGHTING,FIGHTING
PANGORO,FIGHTING,DARK
FURFROU,NORMAL,NORMAL
ESPURR,PSYCHIC,PSYCHIC
MEOWSTIC♂,PSYCHIC,PSYCHIC
MEOWSTIC♀,PSYCHIC,PSYCHIC
HONEDGE,STEEL,GHOST
DOUBLADE,STEEL,GHOST
AEGISLASH,STEEL,GHOST
SPRITZEE,FAIRY,FAIRY
AROMATISSE,FAIRY,FAIRY
SWIRLIX,FAIRY,FAIRY
SLURPUFF,FAIRY,FAIRY
INKAY,DARK,PSYCHIC
MALAMAR,DARK,PSYCHIC
BINACLE,ROCK,WATER
BARBARACLE,ROCK,WATER
SKRELP,POISON,WATER
DRAGALGE,POISON,DRAGON
CLAUNCHER,WATER,WATER
CLAWITZER,WATER,WATER
HELIOPTILE,ELECTRIC,NORMAL
HELIOLISK,ELECTRIC,NORMAL
TYRUNT,ROCK,DRAGON
TYRANTRUM,ROCK,DRAGON
AMAURA,ROCK,ICE
AURORUS,ROCK,ICE
SYLVEON,FAIRY,FAIRY
HAWLUCHA,FIGHTING,FLYING
DEDENNE,ELECTRIC,FAIRY
CARBINK,ROCK,FAIRY
GOOMY,DRAGON,DRAGON
SLIGGOO,DRAGON,DRAGON
GOODRA,DRAGON,DRAGON
KLEFKI,STEEL,FAIRY
PHANTUMP,GHOST,GRASS
TREVENANT,GHOST,GRASS
PUMPKABOO,GHOST,GRASS
GOURGEIST,GHOST,GRASS
BERGMITE,ICE,ICE
AVALUGG,ICE,ICE
NOIBAT,FLYING,DRAGON
NOIVERN,FLYING,DRAGON
ROWLET,GRASS,FLYING
DARTRIX,GRASS,FLYING
DECIDUEYE,GRASS,GHOST
LITTEN,FIRE,FIRE
TORRACAT,FIRE,FIRE
INCINEROAR,FIRE,DARK
POPPLIO,WATER,WATER
BRIONNE,WATER,WATER
PRIMARINA,WATER,FAIRY
PIKIPEK,NORMAL,FLYING
TRUMBEAK,NORMAL,FLYING
TOUCANNON,NORMAL,FLYING
YUNGOOS,NORMAL,NORMAL
GUMSHOOS,NORMAL,NORMAL
GRUBBIN,BUG,BUG
CHARJABUG,BUG,ELECTRIC
VIKAVOLT,BUG,ELECTRIC
CRABRAWLER,FIGHTING,FIGHTING
CRABOMINABLE,FIGHTING,ICE
ORICORIO BAILE STYLE,FIRE,FLYING
ORICORIO POM-POM STYLE,ELECTRIC,FLYING
ORICORIO PA'U STYLE,PSYCHIC,FLYING
ORICORIO SENSU STYLE,GHOST,FLYING
CUTIEFLY,BUG,FAIRY
RIBOMBEE,BUG,FAIRY
ROCKRUFF,ROCK,ROCK
LYCANROC MIDDAY FORM,ROCK,ROCK
LYCANROC MIDNIGHT FORM,ROCK,ROCK
LYCANROC DUSK FORM,ROCK,ROCK
WISHIWASHI,WATER,WATER
MAREANIE,POISON,WATER
TOXAPEX,POISON,WATER
MUDBRAY,GROUND,GROUND
MUDSDALE,GROUND,GROUND
DEWPIDER,WATER,BUG
ARAQUANID,WATER,BUG
FOMANTIS,GRASS,GRASS
LURANTIS,GRASS,GRASS
MORELULL,GRASS,FAIRY
SHIINOTIC,GRASS,FAIRY
SALANDIT,POISON,FIRE
SALAZZLE,POISON,FIRE
STUFFUL,NORMAL,FIGHTING
BEWEAR,NORMAL,FIGHTING
BOUNSWEET,GRASS,GRASS
STEENEE,GRASS,GRASS
TSAREENA,GRASS,GRASS
COMFEY,FAIRY,FAIRY
ORANGURU,NORMAL,PSYCHIC
PASSIMIAN,FIGHTING,FIGHTING
WIMPOD,BUG,WATER
GOLISOPOD,BUG,WATER
SANDYGHAST,GHOST,GROUND
PALOSSAND,GHOST,GROUND
PYUKUMUKU,WATER,WATER
TYPE: NULL,NORMAL,NORMAL
SILVALLY,NORMAL,NORMAL
SILVALLY,ANY,ANY
MINIOR,ROCK,FLYING
MINIOR CORE FORM,ROCK,FLYING
KOMALA,NORMAL,NORMAL
TURTONATOR,FIRE,DRAGON
TOGEDEMARU,ELECTRIC,STEEL
MIMIKYU,GHOST,FAIRY
BRUXISH,WATER,PSYCHIC
DRAMPA,NORMAL,DRAGON
DHELMISE,GHOST,GRASS
JANGMO-O,DRAGON,DRAGON
HAKAMO-O,DRAGON,FIGHTING
KOMMO-O,DRAGON,FIGHTING
GROOKEY,GRASS,GRASS
THWACKEY,GRASS,GRASS
RILLABOOM,GRASS,GRASS
GIGANTAMAX RILLABOOM,GRASS,GRASS
SCORBUNNY,FIRE,FIRE
RABOOT,FIRE,FIRE
CINDERACE,FIRE,FIRE
GIGANTAMAX CINDERACE,FIRE,FIRE
SOBBLE,WATER,WATER
DRIZZILE,WATER,WATER
INTELEON,WATER,WATER
GIGANTAMAX INTELEON,WATER,WATER
SKWOVET,NORMAL,NORMAL
GREEDENT,NORMAL,NORMAL
ROOKIDEE,FLYING,FLYING
CORVISQUIRE,FLYING,FLYING
CORVIKNIGHT,FLYING,STEEL
GIGANTAMAX CORVIKNIGHT,FLYING,STEEL
BLIPBUG,BUG,BUG
DOTTLER,BUG,PSYCHIC
ORBEETLE,BUG,PSYCHIC
GIGANTAMAX ORBEETLE,BUG,PSYCHIC
NICKIT,DARK,DARK
THIEVUL,DARK,DARK
GOSSIFLEUR,GRASS,GRASS
ELDEGOSS,GRASS,GRASS
WOOLOO,NORMAL,NORMAL
DUBWOOL,NORMAL,NORMAL
CHEWTLE,WATER,WATER
DREDNAW,WATER,ROCK
GIGANTAMAX DREDNAW,WATER,ROCK
YAMPER,ELECTRIC,ELECTRIC
BOLTUND,ELECTRIC,ELECTRIC
ROLYCOLY,ROCK,ROCK
CARKOL,ROCK,FIRE
COALOSSAL,ROCK,FIRE
GIGANTAMAX COALOSSAL,ROCK,FIRE
APPLIN,GRASS,DRAGON
FLAPPLE,GRASS,DRAGON
GIGANTAMAX FLAPPLE,GRASS,DRAGON
APPLETUN,GRASS,DRAGON
GIGANTAMAX APPLETUN,GRASS,DRAGON
SILICOBRA,GROUND,GROUND
SANDACONDA,GROUND,GROUND
GIGANTAMAX SANDACONDA,GROUND,GROUND
CRAMORANT,FLYING,WATER
ARROKUDA,WATER,WATER
BARRASKEWDA,WATER,WATER
TOXEL,ELECTRIC,POISON
AMPED TOXTRICITY,ELECTRIC,POISON
LOW KEY TOXTRICITY ,ELECTRIC,POISON
GIGANTAMAX TOXTRICITY,ELECTRIC,POISON
SIZZLIPEDE,FIRE,BUG
CENTISKORCH,FIRE,BUG
GIGANTAMAX CENTISKORCH,FIRE,BUG
CLOBBOPUS,FIGHTING,FIGHTING
GRAPPLOCT,FIGHTING,FIGHTING
SINISTEA,GHOST,GHOST
POLTEAGEIST,GHOST,GHOST
HATENNA,PSYCHIC,PSYCHIC
HATTREM,PSYCHIC,PSYCHIC
HATTERENE,PSYCHIC,FAIRY
GIGANTAMAX HATTERENE,PSYCHIC,FAIRY
IMPIDIMP,DARK,FAIRY
MORGREM,DARK,FAIRY
GRIMMSNARL,DARK,FAIRY
GIGANTAMAX GRIMMSNARL,DARK,FAIRY
OBSTAGOON,DARK,NORMAL
PERRSERKER,STEEL,STEEL
CURSOLA,GHOST,GHOST
SIRFETCH'D,FIGHTING,FIGHTING
MR. RIME,ICE,PSYCHIC
RUNERIGUS,GROUND,GHOST
MILCERY,FAIRY,FAIRY
ALCREMIE,FAIRY,FAIRY
FALINKS,FIGHTING,FIGHTING
PINCURCHIN,ELECTRIC,ELECTRIC
SNOM,ICE,BUG
FROSMOTH,ICE,BUG
STONJOURNER,ROCK,ROCK
EISCUE,ICE,ICE
INDEEDEE♂,PSYCHIC,NORMAL
INDEEDEE♀,PSYCHIC,NORMAL
MORPEKO,ELECTRIC,DARK
CUFANT,STEEL,STEEL
COPPERAJAH,STEEL,STEEL
GIGANTAMAX COPPERAJAH,STEEL,STEEL
DRACOZOLT,ELECTRIC,DRAGON
ARCTOZOLT,ELECTRIC,ICE
DRACOVISH,WATER,DRAGON
ARCTOVISH,WATER,ICE
DURALUDON,STEEL,DRAGON
GIGANTAMAX DURALUDON,STEEL,DRAGON
DREEPY,DRAGON,GHOST
DRAKLOAK,DRAGON,GHOST
DRAGAPULT,DRAGON,GHOST